{
  "walk_motion": 0,
  "fps": 30,
  "num_frames": 2,
  "displacement": [0.0, 1.0],
  "transform_array": [
    [
      [1, 0, 0, 0.0],
      [0, 1, 0, 0.0],
      [0, 0, 1, 0.0],
      [0, 0, 0, 1]
    ],
    [
      [1, 0, 0, 1.0],
      [0, 1, 0, 0.0],
      [0, 0, 1, 2.0],
      [0, 0, 0, 1]
    ]
  ],
  "transform_array2": [
    [
      [1, 0, 0, 0.0],
      [0, 1, 0, 0.0],
      [0, 0, 1, 0.0],
      [0, 0, 0, 1]
    ],
    [
      [1, 0, 0, 1.0],
      [0, 1, 0, 0.0],
      [0, 0, 1, 2.0],
      [0, 0, 0, 1]
    ]
  ],
  "joints_array": [
    [[0, 0, 0, 1]],
    [[0, 0, 0, 1]]
  ]
},


// {'walk_motion': {'joints_array': array([[[-1.81067104e-01, -1.27617553e-02,  2.77510461e-02, 9.82996298e-01],
//         [ 6.43197543e-03,  3.48841960e-02, -3.4100   1.00000000e+00]]]), 'transform_array': array([[[-0.99540108, -0.0366643 ,  0.08850068,  0.00799552], [-0.03074398,  0.99725521,  0.06735656, -0.0032804 ],
//         [ 0.        ,  0.        ,  0.        ,  1.        ]]]), 'transform_array2': array([[[-0.99820358, -0.03410009,  0.04925754, -0.33693057],
//         [-0.0307439 ,  0.99725515,  0.06735648,  0.96021485],
//         [ 0.        ,  0.        ,  0.        ,  1.        ]]]), 'displacement': array([0.        , 0.0100206 , 0.02020059, 0.03021696, 0.04026944,
//        0.05066485, 0.06150208, 0.07280796, 0.08423713, 0.09553062,
//        1.27048443, 1.28052383, 1.29029865, 1.30020184, 1.31018677]), 'fps': 120.0}, 'stop_pose': {'joints': array([[ 3.57796719e-02,  2.70101387e-02,  7.85807432e-03,
//          9.98963722e-01]]), 'transform': array([[-0.9994732 , -0.02629737,  0.01900218, -0.31078994],
//        [-0.02524462,  0.9982398 ,  0.05366492,  1.0003796 ],
//        [-0.02037998,  0.05315696, -0.99837786,  2.0011158 ],
//        [ 0.        ,  0.        ,  0.        ,  1.        ]],
//       dtype=float32)}, 'left_hand': {'pose_motion': {'joints_array': array([[-0.50174759, -0.03960441,  0.07574706, ...,  0.        ,
//          0.        ,  1.        ],
//        [-0.50762628, -0.03973404,  0.08270999, ...,  0.        ,
//          0.        ,  1.        ]]), 'transform_array': array([[[ 0.1268934 , -0.7032891 ,  0.69948715,  0.11720763],
//         [ 0.90567535,  0.36974692,  0.20745891,  0.09971693],
//         [ 0.        ,  0.        ,  0.        ,  1.        ]]],
//       dtype=float32), 'displacement': None, 'fps': 1}, 'coord': array([[-0.60055597, -0.66175032,  0.48647469],
//        [-0.60055597, -0.66175032,  0.58647469]]), 'coord_info': array({'num_bins': array([8, 8, 4]), 'min': array([-0.60055597, -0.66175032,  0.48647469]), 'max': array([0.59944403, 0.93824968, 0.78647469])},
//       dtype=object)}}