{
  "region_annotations": [
    {
      "name": "living room",
      "label": "living room",
      "poly_loop": [
        [
          -7.698999881744385,
          0.0,
          -2.635000228881836
        ],
        [
          -7.698999881744385,
          0.0,
          -8.425999641418457
        ],
        [
          -0.07899999618530273,
          0.0,
          -8.425999641418457
        ],
        [
          -0.07899999618530273,
          0.0,
          -2.634999990463257
        ],
        [
          -3.127000093460083,
          0.0,
          -2.634999990463257
        ]
      ],
      "floor_height": 0.0,
      "extrusion_height": 2.799999952316284,
      "min_bounds": [
        -7.698999881744385,
        0.0,
        -8.425999641418457
      ],
      "max_bounds": [
        -0.07899999618530273,
        2.799999952316284,
        -2.634999990463257
      ]
    },
    {
      "name": "bathroom",
      "label": "bathroom",
      "poly_loop": [
        [
          -0.07899999618530273,
          0.0,
          -0.12000000476837158
        ],
        [
          -3.050999879837036,
          0.0,
          -0.12000000476837158
        ],
        [
          -3.050999879837036,
          0.0,
          -2.55899977684021
        ],
        [
          -0.07899999618530273,
          0.0,
          -2.55899977684021
        ]
      ],
      "floor_height": 0.0,
      "extrusion_height": 2.799999952316284,
      "min_bounds": [
        -3.050999879837036,
        0.0,
        -2.55899977684021
      ],
      "max_bounds": [
        -0.07899999618530273,
        2.799999952316284,
        -0.12000000476837158
      ]
    },
    {
      "name": "closet",
      "label": "closet",
      "poly_loop": [
        [
          -2.553795099258423,
          0.0,
          1.7089999914169312
        ],
        [
          -2.553795337677002,
          0.0,
          1.0323412418365479
        ],
        [
          -3.127000093460083,
          0.0,
          -0.04400000348687172
        ],
        [
          -0.07899999618530273,
          0.0,
          -0.04400000348687172
        ],
        [
          -0.07899999618530273,
          0.0,
          1.7089999914169312
        ]
      ],
      "floor_height": 0.0,
      "extrusion_height": 2.799999952316284,
      "min_bounds": [
        -3.127000093460083,
        0.0,
        -0.04400000348687172
      ],
      "max_bounds": [
        -0.07899999618530273,
        2.799999952316284,
        1.7089999914169312
      ]
    },
    {
      "name": "bedroom",
      "label": "bedroom",
      "poly_loop": [
        [
          -3.127000093460083,
          0.0,
          -2.634999990463257
        ],
        [
          -3.127000093460083,
          0.0,
          -0.04400000348687172
        ],
        [
          -2.553795337677002,
          0.0,
          1.0323412418365479
        ],
        [
          -2.553795099258423,
          0.0,
          1.7089999914169312
        ],
        [
          -7.698999881744385,
          0.0,
          1.7089999914169312
        ],
        [
          -7.698999881744385,
          0.0,
          -2.635000228881836
        ]
      ],
      "floor_height": 0.0,
      "extrusion_height": 2.799999952316284,
      "min_bounds": [
        -7.698999881744385,
        0.0,
        -2.635000228881836
      ],
      "max_bounds": [
        -2.553795099258423,
        2.799999952316284,
        1.7089999914169312
      ]
    }
  ]
}